Fault_Type,mean,std,rms,peak,kurtosis,skewness,crest_factor,mean_abs
Ball_007,0.019030670771048953,0.14011512036374818,0.14140160318943948,0.6754966153846154,3.072153484372698,0.010716710462609438,4.777149623117318,0.11242512090545566
Inner_007,0.020730911431768074,0.27791902216826464,0.2786911436909257,1.6516080000000002,7.368658621397259,-0.09102103789752147,5.926302422554439,0.19026574702258148
Outer_007,0.012111836265382642,1.0606396836874594,1.0607088361988664,5.363568,6.864797083095626,0.07249947829096076,5.056588402921926,0.6756905543860225
